MAE,RMSE,WAPE,MAPE
45.8033600594081,58.64904491913784,0.21340282680264686,24.618812237893742
