month,monthly_forecast,monthly_lower,monthly_upper
2023-12-31,6136.91589372123,2952.5766075310976,9321.25517991136
